,acc_chest_vm,acc_left_vm,gyro_left_vm,mag_left_vm,acc_right_vm,gyro_right_vm,mag_right_vm
acc_chest_vm,1.0,0.2017214262129012,0.007804554313565166,0.05331628273763188,0.39783974383604837,-0.00975643764122218,0.15897341110778043
acc_left_vm,0.2017214262129012,1.0,0.004743883179063594,0.6205348606483886,0.19636650653934698,-0.02187016573605009,0.27116797678112486
gyro_left_vm,0.007804554313565166,0.004743883179063594,1.0,0.057071714404898756,0.025288631631213206,0.4248378417244549,0.04714155701617594
mag_left_vm,0.05331628273763188,0.6205348606483886,0.057071714404898756,1.0,0.22375965144703908,-0.028596554139049227,0.45747678573151795
acc_right_vm,0.39783974383604837,0.19636650653934698,0.025288631631213206,0.22375965144703908,1.0,-0.0016343677203348006,0.48119257048874264
gyro_right_vm,-0.00975643764122218,-0.02187016573605009,0.4248378417244549,-0.028596554139049227,-0.0016343677203348006,1.0,-0.016687261872100463
mag_right_vm,0.15897341110778043,0.27116797678112486,0.04714155701617594,0.45747678573151795,0.48119257048874264,-0.016687261872100463,1.0
